<?xml version="1.0" encoding="UTF-8"?>
<!DOCTYPE suite SYSTEM "https://testng.org/testng-1.0.dtd">
<suite name="Suite">
  <test thread-count="5" name="Test" parallel = "classes">
    <classes>
      <class name="testcases.RunEditLead"/>
      <class name="testcases.RunCreateLead"/>
      <class name="testcases.RunDeleteLead"/>
      <class name="testcases.RunCreateContact"/>
      <class name="testcases.RunDuplicateLead"/>
    </classes>
  </test> <!-- Test -->
</suite> <!-- Suite -->
